submission_id,submission_title,comment_text,upvotes
18d136b,$AMD shares up 8% following rollout of new MI300 AI chips,Basically it dropped from $123ish to $117ish before the announcement yesterday. Currently at $128. 52 week high is $132.,107
18d136b,$AMD shares up 8% following rollout of new MI300 AI chips,"The competition has begun. I hope it can break Nvidia domination, so companies have more options in the market.",197
18d136b,$AMD shares up 8% following rollout of new MI300 AI chips,"Funny that this news came out yesterday and the market reacted with a yawn. Then tons of media picked up on it with borderline sensationalist headlines and it pops 8 percent. lol

FTR, my portfolio is about 60% NVDA and AMD. I love them both, but do prefer NVDA a little bit at this juncture.",73
18d136b,$AMD shares up 8% following rollout of new MI300 AI chips,"To whoever I sold my $108 call to, enjoy it mfer",42
18d136b,$AMD shares up 8% following rollout of new MI300 AI chips,Been in since 2017 @ $14.50/share when I read the first Ryzen reviews,32
18d136b,$AMD shares up 8% following rollout of new MI300 AI chips,Sue bae,28
18d136b,$AMD shares up 8% following rollout of new MI300 AI chips,Nvidia has been dominating this space for the last few years. I've luckily bought quite a few shared of AMD 5 years ago so hoping they can capture more market share with this,8
18d136b,$AMD shares up 8% following rollout of new MI300 AI chips,Don't bet against Lisa Sue!,8
18d136b,$AMD shares up 8% following rollout of new MI300 AI chips,God bless semiconductors,8
18d136b,$AMD shares up 8% following rollout of new MI300 AI chips,What is their alternative to CUDA?,13
18d136b,$AMD shares up 8% following rollout of new MI300 AI chips,"Lisa loves an uphill battle, in since 2013, man what a ride itâ€™s been!",5
18d136b,$AMD shares up 8% following rollout of new MI300 AI chips,"https://i.imgur.com/JQH9Lh5.png

sold it all today, thx for the ride AMD",26
18d136b,$AMD shares up 8% following rollout of new MI300 AI chips,Every Coke (NVDA) needs it's Pepsi (AMD). :),7
18d136b,$AMD shares up 8% following rollout of new MI300 AI chips,"I bought AMD at $5. Sold it at $20... Lmao, fuck me.",3
18d136b,$AMD shares up 8% following rollout of new MI300 AI chips,Lisa been earning that bonus,5
18d136b,$AMD shares up 8% following rollout of new MI300 AI chips,Nividia Killer!!,4
18d136b,$AMD shares up 8% following rollout of new MI300 AI chips,Hard to see how they can compete without CUDA,4
18d136b,$AMD shares up 8% following rollout of new MI300 AI chips,Good to finally see some competition but it seems like itâ€™s a small part of the ecosystem. There should be a market for lower cost low to medium end chips for AI. Not everyone needs a H100.,1
18d136b,$AMD shares up 8% following rollout of new MI300 AI chips,[deleted],-6
18d136b,$AMD shares up 8% following rollout of new MI300 AI chips,"""400 billion AI market"". That makes zero sense. The entire semiconductor market is declining and is $520 billion.

The entire semiconductor market is supposed to double in 4 years because of ""AI AI AI AI AI""?

Maybe if you reclassify the old semiconductor market as ""AI"" the math might work. It's not going to be a semiconductor market of $520 billion and a new ""AI"" market of $400 billion.",-5
18d136b,$AMD shares up 8% following rollout of new MI300 AI chips,"If Lisa needs to brag that much about a new release, it's time to load puts",-2
18d136b,$AMD shares up 8% following rollout of new MI300 AI chips,how is this not bearish for nvidia?,1
18d136b,$AMD shares up 8% following rollout of new MI300 AI chips,"Notably, there was no significant market reaction yesterday after the announcement, during market hours. A day later, market decides it was good. (There were a couple modest upgrades I believe, but that doesn't usually move a stock too much.)",44
18d136b,$AMD shares up 8% following rollout of new MI300 AI chips,[deleted],-9
18d136b,$AMD shares up 8% following rollout of new MI300 AI chips,"Everyone keeps talking about how Jensen's planning is always 5 years ahead of the competition. Now is the time to prove it. 

Will be interesting to see how this plays out. I wish I could be more excited about this AI hype, but just can't get rid of the sense that we are getting way ahead of ourselves.",66
18d136b,$AMD shares up 8% following rollout of new MI300 AI chips,"As AI models become more efficient and there is wider availability of smaller open source models that can be run on personal devices without requiring massive server-side infrastructure, there might not be as much need for new semiconductors either. A lot of new growth has been priced in, the question is whether it will all be needed.",11
18d136b,$AMD shares up 8% following rollout of new MI300 AI chips,"Not going to happen, AMD took a decade to beat Intel and only because TSMC came to rescue and Intel is a shit company.",0
18d136b,$AMD shares up 8% following rollout of new MI300 AI chips,"Haha

Haha

No",-7
18d136b,$AMD shares up 8% following rollout of new MI300 AI chips,CUDA vs Open source. NVIDIA might have an advantage after working on it for two decades,0
18d136b,$AMD shares up 8% following rollout of new MI300 AI chips,I just wish AMD would get their shit together with gaming cards at the high end so Nvidia would feel at least a little pressure. They need to add hardware to accelerate ray-tracing/upscaling,-6
18d136b,$AMD shares up 8% following rollout of new MI300 AI chips,"It's reasonable to think that the real money won't move until there's at least 1 PowerPoint made for 
Fund managers explaining what all the gobbledygook means.",41
18d136b,$AMD shares up 8% following rollout of new MI300 AI chips,"The street needed to hear it from CNBC to know it was bullish

ðŸ¤¡",6
18d136b,$AMD shares up 8% following rollout of new MI300 AI chips,FOMO IS A MOFO,2
18d136b,$AMD shares up 8% following rollout of new MI300 AI chips,Thatâ€™s pretty typical for AMD. I remember quite a few ERâ€™s where the stock stayed the same or dropped the day after but after the articles and headlines came out 24 hours later it popped. Market is slow on the uptake of good news for AMD I guess.,2
18d136b,$AMD shares up 8% following rollout of new MI300 AI chips,It's almost like its the idiots of the mainstream media that are keeping this shit show alive because they don't know how to not buy hype.,2
18d136b,$AMD shares up 8% following rollout of new MI300 AI chips,Most market reactions to any number of events don't really work themselves out till the next day.,1
18d136b,$AMD shares up 8% following rollout of new MI300 AI chips,ðŸ¤¡,-5
18d136b,$AMD shares up 8% following rollout of new MI300 AI chips,Why would you sell a call with the ai fervor,1
18d136b,$AMD shares up 8% following rollout of new MI300 AI chips,I was too at with about 860 shares at around $15. I'm kicking my self hard right now for selling at 20.,4
18d136b,$AMD shares up 8% following rollout of new MI300 AI chips,"Nice. I didn't have the fortitude, and went in and out. It would have been nice to just hold on. I was there when AMD went to $4 due to THATIC investment news.",2
18d136b,$AMD shares up 8% following rollout of new MI300 AI chips,I bought at that time as well.. Then sold at $30ðŸ™ƒðŸ™ƒ,1
18d136b,$AMD shares up 8% following rollout of new MI300 AI chips,OpenAI and PyTorch have this framework called Triton which can be used as an alternative to CUDA to program GPUs.,17
18d136b,$AMD shares up 8% following rollout of new MI300 AI chips,"ROCm, the 6th version was announced yesterday and will be launching with MI300",25
18d136b,$AMD shares up 8% following rollout of new MI300 AI chips,"Nothing that is the biggest issue, amd always does this and then abandons. Until rocm is stable and the performance in pytorch is on par with Cuda it will always be runner up.",2
18d136b,$AMD shares up 8% following rollout of new MI300 AI chips,"congrats. Thought about shedding some shares but I decided not to since this first time they have a real product to roll out that can compete vs nvidia. It has just begun imo. 

$2B is pretty tame estimates. Lisa if my memory serves me right always prefers to underpromise and overdeliver in numbers. Time will tell.",12
18d136b,$AMD shares up 8% following rollout of new MI300 AI chips,"Jesus, the guy makes a nice profit and you people are all like â€˜TOO SOONâ€™

And here I thought this sub was about making money, not just HODLing forever. 

Canâ€™t you people just be happy for someone?",19
18d136b,$AMD shares up 8% following rollout of new MI300 AI chips,Big mistake,-6
18d136b,$AMD shares up 8% following rollout of new MI300 AI chips,Way to cash out!,1
18d136b,$AMD shares up 8% following rollout of new MI300 AI chips,I bought last year from $100 and added all the way down to $55. Lightened up a little today.,1
18d136b,$AMD shares up 8% following rollout of new MI300 AI chips,same hereðŸ«¡âœ¨,1
18d136b,$AMD shares up 8% following rollout of new MI300 AI chips,Probably better than most retailers anyway. Many bought after the previous rally couple of years ago and then lost hope and sold on the way the down.,3
18d136b,$AMD shares up 8% following rollout of new MI300 AI chips,They just bought a software/ai company to help with improving their software solution to CUDA.,2
18d136b,$AMD shares up 8% following rollout of new MI300 AI chips,"Same with Google, I saw the Gemini news one day before the stock shot up. Maybe fund managers reacting manually and slowly to it, instead of algos?",2
18d136b,$AMD shares up 8% following rollout of new MI300 AI chips,[deleted],9
18d136b,$AMD shares up 8% following rollout of new MI300 AI chips,Definitely way ahead of ourselves,11
18d136b,$AMD shares up 8% following rollout of new MI300 AI chips,The foundational LLMs will only get larger. But the smaller models derived from the foundational large models are quite good. However even the small models will grow in size as they get more sophisticated and the adoption grows.,7
18d136b,$AMD shares up 8% following rollout of new MI300 AI chips,Can you run an LLM on a personal device? No. This is dependent on how pervasive LLMs will become,2
18d136b,$AMD shares up 8% following rollout of new MI300 AI chips,Of course you need more GPU. Inference is extremely slow. GPT4 inference requires 8 A100s I believe to have reasonable response time.,1
18d136b,$AMD shares up 8% following rollout of new MI300 AI chips,The fuxk u talking about?ai market is gwrowing 30 percent every year over the next 10 years,1
18d136b,$AMD shares up 8% following rollout of new MI300 AI chips,Doubtful. It's like saying in 1997 that computers wont need more than a few Mbs of storage,1
18d136b,$AMD shares up 8% following rollout of new MI300 AI chips,"AMD offers pretty good consumer GPUs, if you're a Linux user like myself, going AMD is a no brainer. But when it comes to competing at the high end, AMD doesn't have the marketshare to do it. Because outspending Nvidia on the big monolythic GPU dies is a losing proposition.

Which is why AMD's chiplet strategy is key. 

Chiplets are difficult to pull off. This is because breaking up the GPU into chiplets introduces latencies. Which is particularly problematic for graphics as opposed to compute.

However bit by bit AMD has been innovating here, and a recent Patent suggests they have cracked the code. If they can scale chiplets in consumer graphics GPUs, this lowers the barrier of entry significantly. And we will for sure see some change there.",5
18d136b,$AMD shares up 8% following rollout of new MI300 AI chips,"AMD had good cards, but nVidia has better software and sadly software can be a massive money drain... I'd rather AMD focuses on things making money first and foremost, rather then chasing nVidia and burning themselves out.",4
18d136b,$AMD shares up 8% following rollout of new MI300 AI chips,Are fund managers that ignorant to semis? That's sad.,8
18d136b,$AMD shares up 8% following rollout of new MI300 AI chips,Hmm that's odd. I wonder why. I don't see that pattern in related stocks.,1
18d136b,$AMD shares up 8% following rollout of new MI300 AI chips,"Agreed, but they're not buying hype. They're selling it. And to be clear, I don't think AMD is overhyped at all.",5
18d136b,$AMD shares up 8% following rollout of new MI300 AI chips,Not sure I agree with that. Most reactions are instantaneous.,1
18d136b,$AMD shares up 8% following rollout of new MI300 AI chips,"Sup, I was in at $6 in 2016 and sold at $12 like six months later",2
18d136b,$AMD shares up 8% following rollout of new MI300 AI chips,ROCm is looking fairly weak against CUDA thought,6
18d136b,$AMD shares up 8% following rollout of new MI300 AI chips,"yea I had options, and 500 shares, decided to just cut loose and be happy",6
18d136b,$AMD shares up 8% following rollout of new MI300 AI chips,"Yea 70k profit is such a mistake, i would never!",6
18d136b,$AMD shares up 8% following rollout of new MI300 AI chips,The success of CUDA is that it is embedded to the hardware level. It is hard to see how an outsider can help what insider cannot do.,1
18d136b,$AMD shares up 8% following rollout of new MI300 AI chips,You gotta type in all caps so he can hear you better.,8
18d136b,$AMD shares up 8% following rollout of new MI300 AI chips,Ignore the narrative.  Just swing the price action,2
18d136b,$AMD shares up 8% following rollout of new MI300 AI chips,"LLM inference doesn't need as much compute power to run as everyone thinks. But it needs fast HBM GPU memory. The bottleneck is the memory bandwidth and how much memory you have. It will take some time, but hardware will catch up and it won't exclusively be nvidia. Actually one of the most economic devices to run >100gb models without a GPU cluster is apples mac studio, because it uses HBM as system memory.",3
18d136b,$AMD shares up 8% following rollout of new MI300 AI chips,Yes. Google just announced Gemini Nano that runs on the Pixel.,7
18d136b,$AMD shares up 8% following rollout of new MI300 AI chips,"Yes, you can run them on a personal device.",3
18d136b,$AMD shares up 8% following rollout of new MI300 AI chips,"I run 7 billion parameter open source LLMs on my lowest grade possible macbook air. 

These models are reasonably effective too, capable of quite a lot without even an internet connection.",3
18d136b,$AMD shares up 8% following rollout of new MI300 AI chips,"I would say it's more that this is their job, and it would be irresponsible to not leverage in house specialists to distill conclusions/risks/implications.

These products are the output of thousands of top scientists, arguably the most complicated products sold in the world (excluding ASML machines). 

The perspective of those who can understand the product from the bottom up, and practices inside the firm that may colour the trajectories, would be critical in accurately pricing the equities.",16
18d136b,$AMD shares up 8% following rollout of new MI300 AI chips,"No one is a expert on everything

What if I dropped you in front of a major farming expo presentation? Or one about pharmaceuticals?",5
18d136b,$AMD shares up 8% following rollout of new MI300 AI chips,Yes.,3
18d136b,$AMD shares up 8% following rollout of new MI300 AI chips,P/E ratio says otherwise lmao,0
18d136b,$AMD shares up 8% following rollout of new MI300 AI chips,Not the sensible reactions.,1
18d136b,$AMD shares up 8% following rollout of new MI300 AI chips,"the guys I know who bought in high 1$ range sold when it hit the teens and I told him, you'll regret selling (back in 2017)...",2
18d136b,$AMD shares up 8% following rollout of new MI300 AI chips,"I mean, depending on why you're selling it could be.

This is just the beginning for AMD.",2
18d136b,$AMD shares up 8% following rollout of new MI300 AI chips,How is AMD an outsider for their own chips? Itâ€™s their own software that they created.,6
18d136b,$AMD shares up 8% following rollout of new MI300 AI chips,"â€œMini LLMâ€ feels like theyâ€™re playing on the LLM hype here without using an LLM. You canâ€™t have language based inferences without the massive models currently used. (Unless they had an incredible break through which I doubt they did, otherwise there would be one level of Gemini provided.. the smallest one)",2
18d136b,$AMD shares up 8% following rollout of new MI300 AI chips,"For comparison, GPT 4 is at 1.75 trillion parameters",1
18d136b,$AMD shares up 8% following rollout of new MI300 AI chips,"Yeah, I get that, but I mean Lisa Su is trustworthy figure. It seems odd to me that they wouldn't take at least some of her remarks at face value. I mean, the stock closed down yesterday after the news broke. I'm not sure I've seen that before.",-2
18d136b,$AMD shares up 8% following rollout of new MI300 AI chips,"I get that, but you don't really need to be an expert to understand the significance of AMD's announcement, right?",-1
18d136b,$AMD shares up 8% following rollout of new MI300 AI chips,"Yea, people are just hoping that they buy the hype so they can sell the hype they bought.

AMD and NVIDIA can never come close to producing the profits required to cover even half their PE ratio.

Everyone got conned, and made a bunch of people really rich. They are just hoping they can get something back.",2
18d136b,$AMD shares up 8% following rollout of new MI300 AI chips,P/E ratio is meaningless without context. Not here to argue about metrics.,0
18d136b,$AMD shares up 8% following rollout of new MI300 AI chips,Fair point. I guess what surprises me is there was virtually no reaction the afternoon the news came out.,1
18d136b,$AMD shares up 8% following rollout of new MI300 AI chips,160 by 12/29/23,1
18d136b,$AMD shares up 8% following rollout of new MI300 AI chips,"I mean if they need to â€œbought â€œ a company, then it shows their internal effort failed",1
18d136b,$AMD shares up 8% following rollout of new MI300 AI chips,"I do research within Deep Learning, not specifically LLMs, but LLMs are deep learning too. Generally, inference requires much much less computing resources than training. With a mini-LLM, I can definitely see it being able to run on a mobile locally, considering how powerful some of the phones are getting lately.",3
18d136b,$AMD shares up 8% following rollout of new MI300 AI chips,"They not take anything at face value cuz they are not fools,and u should not either",5
18d136b,$AMD shares up 8% following rollout of new MI300 AI chips,People can and do announce shit all the time and it doesnt always live up to the hype,1
18d136b,$AMD shares up 8% following rollout of new MI300 AI chips,"I get that, but Lisa Su is widely respected in the industry and among fund managers. It's not like she has a history of pumping up the prospects of AMD on cable news while secretly dumping shares. (remember Josh Silverman at Etsy?)",1
18c7516,AMD or Intelâ€”which is better as a long term investment?,And why not both?,27
18c7516,AMD or Intelâ€”which is better as a long term investment?,"I would say both long term but I am trying to sell off all my AMD shares in the short term. I am also selling off Intel shares but that's because I have too much exposure to Intel. 

AMD has been delivering. They currently have the best product in client and data center segments. That said, they are not capturing market share as quickly as I expected and they don't seem to have enough volume to satisfy demand. There is also no straightforward path for them to increase production. Currently the rumor is that Apple and Intel both booked the bulk of TSMC's 3nm wafer capacity and there isn't much left for AMD. It's likely that at some point Intel will regain the node advantage, their next gen client lineup will mostly be fabricated by TSMC. 

On the TSMC front it also looks like they focused on the 3nm node when they were having yield problems for Apple. This likely means that Intel's 2nm node might be put the Intel fabs and TSMC at parity. TSMC also doesn't seem to be investing as aggressively as Intel to get next gen lithography machines. 

Intel on the other hand is consistently falling behind schedule but they are getting slightly better. The meteor lake product they are launching this month was delayed from being launched this summer to being launched mid December. They are also launching Emerald rapids at the same time and I am pretty interested in the uplift there. Their roadmap is aggressive and pretty exciting but again, they need to hit those dates and they aren't so far. That said, it does look like the deck will be stacked in their favor again. In the 80s Japan looked like it was going to dominate the semiconductor space and then Uncle Sam placed his toe on the scales which pretty much resulted in US dominance of the sector. Now semiconductor are seen as a matter of national security and it's unlikely that Intel will need to continue to compete on an unleveled playing field. TSMC and Samsung have much lower costs because Taiwan and South Korea both provide massive subsidies for them. US will likely be doing the same with the bulk of the subsidies coming in the form of labor force training while some will be direct subsidies. This will help level the playing field between Intel fabs and their competitors over the next decade. Personally I doubt Taiwan and South Korea will try to outdo the US on the subsidy front, we just have way more money to throw at national security than they do. That said, the Chips act money still has not been allocated so we don't know who will get what subsidies just yet.",27
18c7516,AMD or Intelâ€”which is better as a long term investment?,Tough choice between the two but Iâ€™d say put all your money in orange juice futures or put it all on red,8
18c7516,AMD or Intelâ€”which is better as a long term investment?,"AMD is a better run company, and they just launched the fastest AI accelerator in the world today. In the hot AI datacenter market.",6
18c7516,AMD or Intelâ€”which is better as a long term investment?,"Play both sides, that way you never lose.",7
18c7516,AMD or Intelâ€”which is better as a long term investment?,"AMD for intermediate term.. Intel if you can *really* hold your breath.

Put a small bit into NVDA when it dips.. I doubt it'll go below 400.  They're not going away",7
18c7516,AMD or Intelâ€”which is better as a long term investment?,"At this point, with how many companies are moving toward inhouse fabless design for their chips, intel's intended ""fab as a service"" business model may be a more future proof plan than AMD's fabless design. I've made a lot of money off AMD but the competitive landscape has been shifting against them there. If inhouse fabless design doesn't seem like something that will continue to work out for apple/google/amazon/microsoft or if you think that trend will stay niche, then I'd go for AMD as a company with stronger 1-3 year growth potential and profit margins. Intel's planned business model seems more compelling in this landscape but they still need to execute on it in a tough environment with high capital costs, so definitely gambling on turnaround there.

Maybe add SMH and QQQM slowly this year to diversify instead of concentrating here, things are changing a ton, and quickly, in the space.",7
18c7516,AMD or Intelâ€”which is better as a long term investment?,"To me it seems like AMD but Intel has def bottomed after going down for basically 5 years.

AMD is a growth company and Intel is basically a value stock that pays a nice yield. 

I personally would pick AMD.",9
18c7516,AMD or Intelâ€”which is better as a long term investment?,"Intel 

I donâ€™t think the are that similar, except for their chip design side and market overlaps. Totally different business models. Intel is in middle of a turnaround and business model change. AMD booming. 

Int offers higher upside if turnaround pans out, IMO",11
18c7516,AMD or Intelâ€”which is better as a long term investment?,Idk intel was stagnant for years and move up a slight bit and everyone jumping in if go with amd . But id wait to see if it pulls back a bit first tbh,2
18c7516,AMD or Intelâ€”which is better as a long term investment?,Iâ€™m invested in Intel and have some leaps too.,3
18c7516,AMD or Intelâ€”which is better as a long term investment?,"> I donâ€™t see how either could be a bad move but Iâ€™m only putting my money on one of them

That's stupid",-3
18c7516,AMD or Intelâ€”which is better as a long term investment?,"INTC

Anyone saying AMD at this current valuation knows nothing. INTC still wouldnâ€™t be my first choice

My choice is neither but INTC if i have to choose

Edit* I actually know what Iâ€™m talking about",-5
18c7516,AMD or Intelâ€”which is better as a long term investment?,Neither. Put it in Nvidia instead.,-7
18c7516,AMD or Intelâ€”which is better as a long term investment?,"Are we headed for chip OVER-supply in a few years?  Seems that way.  When the Government throws money at something â€” any something â€” it always creates a Bubble.  Always.  Every. Single. Time. 
Ride it up, but jump off in time.",1
18c7516,AMD or Intelâ€”which is better as a long term investment?,"Play both sides, buy ASML",1
18c7516,AMD or Intelâ€”which is better as a long term investment?,Qualcomm.,1
18c7516,AMD or Intelâ€”which is better as a long term investment?,"Their processors are shit compared to Intel for personal and business PCs. Other than that, idk.",1
18c7516,AMD or Intelâ€”which is better as a long term investment?,I have both so you probably should go with Nvidia if you want to make money,1
18c7516,AMD or Intelâ€”which is better as a long term investment?,"The CEOs of AMD and Intel are cousins. So take your pick, theyâ€™ll be side by side for a long time.",1
18c7516,AMD or Intelâ€”which is better as a long term investment?,Then at that point you just buy SOXX because those are among the biggest holdings anyways,14
18c7516,AMD or Intelâ€”which is better as a long term investment?,Because that's not the question he's asking.,2
18c7516,AMD or Intelâ€”which is better as a long term investment?,"because heâ€™s only putting money in one of them and heâ€™s asking for input to aide in his decision. 

SMH, SOXL, or SOXX are cool too if OP decides he doesnâ€™t want to choose and instead wants the basket",1
18c7516,AMD or Intelâ€”which is better as a long term investment?,Thanks for this well thought out comment,4
18c7516,AMD or Intelâ€”which is better as a long term investment?,"Long term = Oversupply.  
Govt funding warps the Market, creates Bubbles, which burst.",2
18c7516,AMD or Intelâ€”which is better as a long term investment?,"Wow what an ignorant comment. AMD is literally just getting started. Sure, they have 40+ years of chip experience but Lisa Su is one of the best CEOs out there. AMDâ€™s MI300 and MI300x chip ARE the fastest growing (sales) chips in the companyâ€™s history. Expecting $2B in sales next year on these. AMDâ€™s software ecosystem has FINALLY been optimized and competitive with nvda. Even Jen has said AMD is a big competitor now.",2
18c7516,AMD or Intelâ€”which is better as a long term investment?,"Intel is mature in a sense. But their foundry business is brand new and a big growth driver. Market for chips predicted to be $1 trillion per year by 2030. Intel aims to be second largest foundry with market share of ~30% of high end chips. No one knows if they will be successful, but TSMC wonâ€™t be able to build out enough capacity to meet all the demand and intel will win its fair share of business, I think. 

They donâ€™t get talked about too much wrt AI, but their Guadi AI accelerators are promising. Gaudi 2 already outperforms the H100 in some AI tasks, but not most. Gaudi 3 is already coming out. They offer decent price to performance and itâ€™s improving. 

Intel has room for growth because (1) its price to sales is compressed because itâ€™s beat down. Multiple expansion if they have a successful turnaround will boost price. (2) they have foundry, Mobileye, AI accelerators and other growing segments. (3) the TAM for chips is growing fast and all foundries will be needed to meet demand.",0
18c7516,AMD or Intelâ€”which is better as a long term investment?,"""if turnaround pans out"", so basically a gamble. Intel has a lot of big headwinds. The x86 market, it's bread and butter, is shrinking, and even there it has growing competition from AMD which has surpassed them in chip design. The Intel fabs are as much a liability as an asset too.

The one thing they have going for them is the US gov is determined to increase domestic chip production, and Intel is there only option there. But that's still not a great situation to be in.",3
18c7516,AMD or Intelâ€”which is better as a long term investment?,"Lol, why all the downvotes for an opinion.",0
18c7516,AMD or Intelâ€”which is better as a long term investment?,Intc is up 57% ytd. Is that a slight bit?,2
18c7516,AMD or Intelâ€”which is better as a long term investment?,"Not everyone is jumping in. Just read this thread. AMD up 80+% this year. Everyone is jumping into AMD. 

Still plenty of time to get on the Intel train. Choo choo",1
18c7516,AMD or Intelâ€”which is better as a long term investment?,"Thatâ€™s stupid, as in theyâ€™re both bad moves?",-4
18c7516,AMD or Intelâ€”which is better as a long term investment?,"Not when China invades Taiwan and the US takes out TSMCs fabs. 

Kidding, but not kidding.",0
18c7516,AMD or Intelâ€”which is better as a long term investment?,"This is tens of billions worth of stimulus, not hundreds of billions. The trillions of dollars worth of stimulus during Covid did result in a period of excessive demand which has now resulted in the market being oversupplied. But that seems to be coming to an end with a refresh cycle starting.",5
18c7516,AMD or Intelâ€”which is better as a long term investment?,"The US government has decided to address the semiconductors as a national security issue. I think that means that a lot of people will make a lot of money in semiconductors, bubble or no bubble.",0
18c7516,AMD or Intelâ€”which is better as a long term investment?,The government funding for the CHIPS Act extends to 2032.,1
18c7516,AMD or Intelâ€”which is better as a long term investment?,"Your comment is why there is such huge upside if IDM 2.0 is successful. 

They are not behind on chip design. Main difference is they are behind TSMC on process technology. AMD uses TSMC. 

Intel has a plan to hit five new nodes in 4 years. They have bad history of hitting deadlines, but under Gelsinger they have hit their timelines for these nodes so far. 

Their fab business wonâ€™t be competitive until they come out with 18A. Thatâ€™s when their own chips should be back toward the top of performance/efficiency. 

All investing is a gamble, homie, in the sense that you are rewarded for taking risk. There is little upside on AMD at current price, because their businesses is running smoothly and their shares demand a premium multiple. 

Intel has partnered with ARM and will be fabbing ARM chips for customers. 

Investing is about looking forward, but youâ€™re looking back and at current state. Intel stumbled majorly because they had a shit CEO that didnâ€™t understand the design and manufacturing processes.  Now led by Gelsinger who is much better and focused on regaining process leadership. 

Again, if AMD is successful, they make good up 300% in ten years. Great returns. If Intel is successful, I think it can beat that return by a large margin. I am invested, full disclosure, with a cost basis of ~$30. Position already up almost 40% this year. Market is seeing the progress on the manufacturing side.",14
18c7516,AMD or Intelâ€”which is better as a long term investment?,because some people see the up/downvote button as an agree/disagree button instead of a relevant/irrelevant button.,6
18c7516,AMD or Intelâ€”which is better as a long term investment?,Idk I seeing a lot of fomo posts of people getting in intel . I hope it works out for them . I sold my amd today actually,1
18c7516,AMD or Intelâ€”which is better as a long term investment?,"That you think both are a good move but will only buy one of them. Since you aren't sure spread your money out between both. Also, IMO, since you don't know when a good entry point is also spread your investment over time. Take the amount you want to invest and do it slowly into the investment on a regular cadence. Example:

You have 100. 50 goes to intel 50 goes to amd. Once a week on a random time you buy 1 dollar of each until your money is invested.

I don't think the idea of investing in either is bad. It's just a question of how to ease into it to reduce your chances of making a bad timing move.",5
18c7516,AMD or Intelâ€”which is better as a long term investment?,"Would you rather be twice as billionaire or twice as likely to not be homeless?

""Don't put all your eggs in one basket.""

At the end of the day, you have to decide which one you'd rather be.

For context, I'm just a chump in the S&P 500 index, take my word with a grain of salt.",3
18c7516,AMD or Intelâ€”which is better as a long term investment?,"> Your comment is why there is such huge upside if IDM 2.0 is successful. 

There is a reason it's IDM 2.0 and not IDM 1.0. Intel failed once already at doing the exact same thing.

> They are not behind on chip design. Main difference is they are behind TSMC on process technology. AMD uses TSMC. 

One of the long time competitive advantages was the fact that Intel has been able to tweak their process to have a tailor made process for their CPUs. So moving to TSMC for Intel will not be all roses. They will have to learn how to get the best performance without having all that secret sauce they developed at the in house fab over decades. 

Also architecturally speaking. AMD has leveraged the infinity fabric chiplet strategy much more effectively. So AMD has an advantage in architecture as well.

> Intel has partnered with ARM and will be fabbing ARM chips for customers. 

Commodity ARM chips are not a great revenue driver. Unless they can contract for Apple, it will pale in comparison to the cash TSMC is getting.

In the end, I do agree that Intel has a better upside, since they have been taking a beating for a long time. But that's not saying much unless they can turn it around. So far we've seen zero evidence of this.",4
18c7516,AMD or Intelâ€”which is better as a long term investment?,"1) You show you donâ€™t really understand intel. They arenâ€™t doing the same thing. They are opening up their manufacturing to third party customers for the first time ever. IDM stands for integrated device manufacturer, meaning they design and manufacture their own chips. 

Most competitors went fabless. AMD spun out their manufacturing as Global Foundries. 

Most people think fabless is the way to go. Itâ€™s why AMD pulled ahead. They focus on what they do best and let someone else figure out the manufacturing. TSMC meanwhile gets to work with many customers with more volume and that helps their manufacturing prowess. 

Intel is trying a brand new strategy for them under Gelsinger. IDM 2.0 where they make other peopleâ€™s chips for them. 

2) youâ€™re wrong about being able to tweak their process being an advantage. Itâ€™s was a weakness. The design side got lazy thinking they could fix things later by tweaking the process. This leads to delays in your new nodes, undue costs, etc. It was abused so much Intel now separated the two lines of business so they have to account for their profitability individually. 

3) they are not going to TSMC. Not exactly. They will use their own fabs as much as possible. If TSMC has better tech for a portion of the chip they need, they will use TSMC. This is a new strategy too that they never would have done before. 

4) intel is late to the game on chiplets but they have moved to them now. Recognized the mistake and changed course. But they have their own unique interconnect with many advantages over infinity fabric

5) if Intel regains process lead or even parity with TSMC, they will win major customers like apple. Apple doesnâ€™t want all its eggs on a tiny island 100 miles of the coast of China.",2
18c7516,AMD or Intelâ€”which is better as a long term investment?,"> 1) You show you donâ€™t really understand intel.

Oh really? What happened to this? https://www.theregister.com/2016/08/16/intel_foundry_arm/

Also Purchase of Tower Semiconductor was believed to be instrumental in Intel doing it the right way by purchasing an existing IFS. But that sale couldn't go through due to China not approving it.

> Intel is trying a brand new strategy for them under Gelsinger. IDM 2.0 where they make other peopleâ€™s chips for them. 

Yes. Like I said, they tried this once already. I'll believe it when I see it.

> youâ€™re wrong about being able to tweak their process being an advantage. Itâ€™s was a weakness. 

I'm not wrong. Intel is famous for having unique metal layers in their process which in turn allow them to hit higher clocks. Intel's CPU clocks will regress when they switch to TSMC. AMD has had for longer to perfect their design to TSMCs PDK (Process Design Kits).

Both Intel's Design side and Fab side got lazy. Yes.

> 3) they are not going to TSMC. Not exactly. 

Well if this rumor is true, they are.

https://www.tomshardware.com/news/intel-will-spend-14-billion-on-manufacturing-chips-at-tsmc-report

> 4) .. But they have their own unique interconnect with many advantages over infinity fabric

You're thinking of Intel's EMIB. But you're mixing terms here. Infinity fabric is a logical fabric, nothing to do with physical interconnects and their packaging, like TSMC's CoWOS is analogous to EMIB.  When it comes to leveraging chiplets AMD are a clear leader in this area. They have been working on this for a long time. Breaking up compute into chiplets costs additional power, requires advanced caching hierarchies to hide introduced latency, infinity fabric which connects all the devices efficiently and AMD has mastered this tech over a number of generations, Infinity Fabric is on the 4th gen. 

This is all. Evidenced by the fact that AMD today has the fastest CPU (Epyc Genoa), and the fastest GPU (mi300x) in the world. Both leveraging chiplets. Powering the fastest and most efficient super computers in the world. Frontier and the upcoming El Capitain",4
18c7516,AMD or Intelâ€”which is better as a long term investment?,"> Also Purchase of Tower Semiconductor was believed to be instrumental in Intel doing it the right way by purchasing an existing IFS. But that sale couldn't go through due to China not approving it.

There's still partnership between them despite that

https://www.networkworld.com/article/957268/intel-partners-with-former-acquisition-target-tower-semiconductor.html",2
18c7516,AMD or Intelâ€”which is better as a long term investment?,See you at the finish line.,0
181xhis,"When is a good time to buy NVIDIA stocks, AMD and Intel?",About a year ago when Nvda was at $114,161
181xhis,"When is a good time to buy NVIDIA stocks, AMD and Intel?","the risky way is when they are significantly down. 

the rich way is when they are up and climbing. 

the retail way is when they are all time high.",79
181xhis,"When is a good time to buy NVIDIA stocks, AMD and Intel?","Just look on Reddit, once the consensus is that the company is dead, has no chance and will go under, it's usually the time to buy... With Intel that was some month back when it was at $27 and cut it's dividend, that's when I bought it...",38
181xhis,"When is a good time to buy NVIDIA stocks, AMD and Intel?",For NVDA: Anytime every day,11
181xhis,"When is a good time to buy NVIDIA stocks, AMD and Intel?",When the market opens.,6
181xhis,"When is a good time to buy NVIDIA stocks, AMD and Intel?",If you donâ€™t know how or when to buy individual stocks then just buy QQQ if you want tech exposure,5
181xhis,"When is a good time to buy NVIDIA stocks, AMD and Intel?",Just buy VOO and forgot about it.,7
181xhis,"When is a good time to buy NVIDIA stocks, AMD and Intel?",In 5 years the stock could be over $1500 or it could be under $50 or anything in between. It's up to you to decide which you think is more likely to happen. Anyone on reddit that says they know is lying.,4
181xhis,"When is a good time to buy NVIDIA stocks, AMD and Intel?",Just DCA.  Buy a few each month,9
181xhis,"When is a good time to buy NVIDIA stocks, AMD and Intel?","Well I think you should start by learning financial reports, P/E ratios and such. Then compare the stocks and make up your own mind.

My 2 cents is I'd say big US tech is overvalued right now due to AI hype. Even if it isn't massively overvalued, a correction is due. All I know for sure is when the markets are moving up or down at rapid pace is when I decide to stay out of it and just hold. There are quite specific times to sell and times to buy, but holding is always a good idea if the underlying company is able to turn a profit and has cash to burn through in case of an economic emergency. Interest rates are high so companies with not a lot of cash and big amounts of debt + high operating costs would be something I'd stay away from right now.

There's an endless amount of counter arguments you could make though, so I'd recommend you learn at least the financial reports and then see what views you come up with yourself. Always nicer to invest when you know at least a little bit about whats going on.",12
181xhis,"When is a good time to buy NVIDIA stocks, AMD and Intel?",About one year ago,3
181xhis,"When is a good time to buy NVIDIA stocks, AMD and Intel?","Right now is the best time to go all in.  If you don't, you will be missing out the christmas rally.",3
181xhis,"When is a good time to buy NVIDIA stocks, AMD and Intel?",May 17th 2025,2
181xhis,"When is a good time to buy NVIDIA stocks, AMD and Intel?",Jesus man what even is this post â€œwhen will the stocks go up or downâ€?,2
181xhis,"When is a good time to buy NVIDIA stocks, AMD and Intel?","If you want to buy all three, you might as wel buy the ETF that contains it such as SMH.

No one knows when its a good time to get in. Dont rely on others for your money decisions.",2
181xhis,"When is a good time to buy NVIDIA stocks, AMD and Intel?","Probably April 17, 2025.",3
181xhis,"When is a good time to buy NVIDIA stocks, AMD and Intel?",In a year at 250$,2
181xhis,"When is a good time to buy NVIDIA stocks, AMD and Intel?",Months ago was good now is good too,2
181xhis,"When is a good time to buy NVIDIA stocks, AMD and Intel?",It's waayyy to late unless Nvidia hits like 600 then you might be able to make a few dollars if you buy now. I bought 4 shares around $375 and that's high for me lol,1
181xhis,"When is a good time to buy NVIDIA stocks, AMD and Intel?","I actually sold all three a few days ago, 1 month and a run up of 20% seems unnatural to me so I sold, waiting for a dip now. I could be wrong but that's my strategy",1
181xhis,"When is a good time to buy NVIDIA stocks, AMD and Intel?",">I am not sure when it's interesting to invest in the stock of these companies.

Any time their current price is lower than their price of tomorrow.

Simple, really.",0
181xhis,"When is a good time to buy NVIDIA stocks, AMD and Intel?","Time to short them all, the last fool has soon bought",0
181xhis,"When is a good time to buy NVIDIA stocks, AMD and Intel?",Now. AI is cool culturally.,1
181xhis,"When is a good time to buy NVIDIA stocks, AMD and Intel?",Intel under 36 is worth it lower than 30 is a great price. Intelâ€™s turn around story is projecting on 2025 but no one knows if they can achieve the target,1
181xhis,"When is a good time to buy NVIDIA stocks, AMD and Intel?","Today. And just dollar cost avg. Don't time the market. Ignore the noise. I bet if you DCA in one of those for exactly a year going forward, you'll probably see a higher return than most of the stocks these guys are talking about.",1
181xhis,"When is a good time to buy NVIDIA stocks, AMD and Intel?",Dips are inevitable. They happen 3-4 times a year minimum. Be patient and buy the dip. Itâ€™s a great feeling,1
181xhis,"When is a good time to buy NVIDIA stocks, AMD and Intel?","I think NVDA is a great company, so itâ€™s a good time to buy <$500/ share.  I think if you want to get into semis you should check out LSCC though, and avoid INTC. AMD could go either way. 

I think LSCC is oversold under $63, and theyâ€™ll have phenomenal catalysts over the next 3-5 years.  Great mix of value and growth opportunity in the semi space.",1
181xhis,"When is a good time to buy NVIDIA stocks, AMD and Intel?",Wait for them to fall 50% from their ath,1
181xhis,"When is a good time to buy NVIDIA stocks, AMD and Intel?",The best time was a year ago... the second time is due to come... who knows when...,1
181xhis,"When is a good time to buy NVIDIA stocks, AMD and Intel?","Remember Nintendo's next console will use NVIDIA's new, more expensive mobile chipset and Switch sold over 130 million consoles. Billions in revenue for NVIDIA just there. 


That being said it's too rich for my blood. I'm going AMD and DCAing.",1
181xhis,"When is a good time to buy NVIDIA stocks, AMD and Intel?",Iâ€™d say the best time to buy these stocks and many more is some time after the opening bell and before the closing bell.,1
181xhis,"When is a good time to buy NVIDIA stocks, AMD and Intel?","Late to the party, but I have a semiconductor fund, FSELX, thatâ€™s been very very good to me. There are others if you search them out. Lately Iâ€™ve been wishing it was an ETF instead of a fund. On the other hand, being a little harder to sell probably prevented me from making costly mistakes.",1
181xhis,"When is a good time to buy NVIDIA stocks, AMD and Intel?",When they arenâ€™t at all time highs is a good start. When the P/E ratio is below historical averages,1
181xhis,"When is a good time to buy NVIDIA stocks, AMD and Intel?",The best time to buy NVDA is right before it goes up.,1
181xhis,"When is a good time to buy NVIDIA stocks, AMD and Intel?","I have AMD at 89.71, I have INTC at 33.96, I have NVDA at 289, I have TSMC at 93, TSM is at 97.83 right now so I see a lot of upside for both of us if you want in",1
181xhis,"When is a good time to buy NVIDIA stocks, AMD and Intel?",Pull backs. Sorry for the snappy answer to dumb questions remark but itâ€™s that.,1
181xhis,"When is a good time to buy NVIDIA stocks, AMD and Intel?","Nvidia is being bought by money managers up until $600 and for some up until $675; so anything below that is a buy. And I'm sure once it reaches these $600 marks - they will increase the buy to 700-800... who know tho.   


I personally trade Nvidia nearly daily.   


I can't tell you a best time to get in; because who knows. The stock doesn't really follow any news. Last earnings, the stock sky rockets - this earnings the stock sky rocketed before the report and tanked after the report - which was one of the best reports the stock has ever had.   


I've traded AMD less than 10 times now - so I'm still learning the daily fluctuations of the stock.   


As far as Intel is concerned. I've been watching the stock daily.. but I haven't jumped in to trade it yet... because I feel am more comfortable trading Nvidia.   
I don't know what short term investing is to you - but you could just pick 1 of them. I would pick either Nvidia or Intel and just buy every payday for the next year.   


If you're looking to daily trade. You need 25k or you're stuck at only 3 trades a week.   


These stocks are volatile - so get used to seeing big drops and holding for a month or so.  


A couple months ago, I missed out on a 2.5% gain on Nvidia and watched it fall 8.55% going down to $400 a pop and growing back to over $500 a pop and sitting at $481 now. This is stuff you have to get used too.",1
181xhis,"When is a good time to buy NVIDIA stocks, AMD and Intel?",1 year ago,1
181xhis,"When is a good time to buy NVIDIA stocks, AMD and Intel?",about 10 years ago when it was like 5 bucks,76
181xhis,"When is a good time to buy NVIDIA stocks, AMD and Intel?",I loaded up in 2016/17 for $30ish. My portfolio manager was pushing me to sell at $80. I replaced them and still holding.,12
181xhis,"When is a good time to buy NVIDIA stocks, AMD and Intel?",6 mos earlier... At 50,1
181xhis,"When is a good time to buy NVIDIA stocks, AMD and Intel?",Basically buy them now.,15
181xhis,"When is a good time to buy NVIDIA stocks, AMD and Intel?",Isn't it the opposite? The rich way is when they are significantly down,3
181xhis,"When is a good time to buy NVIDIA stocks, AMD and Intel?",Exactly why I bought Disney at around $82 lmao,3
181xhis,"When is a good time to buy NVIDIA stocks, AMD and Intel?",Why I got meta and it's been my biggest $ amount so far,2
181xhis,"When is a good time to buy NVIDIA stocks, AMD and Intel?","True stuff I got in at $25 and was like "" well if Nvidia and AMD are going up might be safe to buy some Intel""",3
181xhis,"When is a good time to buy NVIDIA stocks, AMD and Intel?","Exactly why I bought Uber. Reddit hates it calling unsustainable, treating drivers poorly etc. itâ€™s up 100% YTD.",1
181xhis,"When is a good time to buy NVIDIA stocks, AMD and Intel?","Yeah, I loaded up at the same time.

If reddit thinks a profitable $100B+ company is going to magically go bankrupt overnight, buy.",1
181xhis,"When is a good time to buy NVIDIA stocks, AMD and Intel?",[deleted],1
181xhis,"When is a good time to buy NVIDIA stocks, AMD and Intel?",Same here!,1
181xhis,"When is a good time to buy NVIDIA stocks, AMD and Intel?",I've seen analysts saying $600 is a fair price for the stock  with that last balance sheet,9
181xhis,"When is a good time to buy NVIDIA stocks, AMD and Intel?",People like you have been saying that since a year ago. And look where Nvidia is now lol,2
181xhis,"When is a good time to buy NVIDIA stocks, AMD and Intel?",Unless the Christmas rally doesn't happen because no one can actually predict the market.,4
181xhis,"When is a good time to buy NVIDIA stocks, AMD and Intel?",Remind me on this day,0
181xhis,"When is a good time to buy NVIDIA stocks, AMD and Intel?",I bought late at $419 right after the China bans and I'm happy so far.  I think $600 is realistic.,2
181xhis,"When is a good time to buy NVIDIA stocks, AMD and Intel?",[deleted],2
181xhis,"When is a good time to buy NVIDIA stocks, AMD and Intel?",didnt the ceo and cfo of lscc offload shares this week ?,1
181xhis,"When is a good time to buy NVIDIA stocks, AMD and Intel?",Funny story I actually bought it ten years ago and sold it 9 years ago. I didn't truly appreciate buy and hold at age 20.,23
181xhis,"When is a good time to buy NVIDIA stocks, AMD and Intel?",I bought at $114. Sold at $180 and made a few grand. Big mistake. Lol.,7
181xhis,"When is a good time to buy NVIDIA stocks, AMD and Intel?",Lol. It hit $50 in Nov 2019,2
181xhis,"When is a good time to buy NVIDIA stocks, AMD and Intel?",it is open to interpretation.,6
181xhis,"When is a good time to buy NVIDIA stocks, AMD and Intel?",You are right but buying something because it's going up has become a reasonable strategy since covid,1
181xhis,"When is a good time to buy NVIDIA stocks, AMD and Intel?",I got in at 85!,1
181xhis,"When is a good time to buy NVIDIA stocks, AMD and Intel?","Nice, I chickened out on that. Bought at 180, then it went down under 100, then up again and I sold at 190 and was happy I got out^^",2
181xhis,"When is a good time to buy NVIDIA stocks, AMD and Intel?","That's all good. The same was said for internet stocks before the dotcom bubble burst. No one knows for sure.

The fair price might be on point but the question is if it's sustainable or not. If AI turns out to be less profitable than expected, things could turn for the worse. It's speculative.",1
181xhis,"When is a good time to buy NVIDIA stocks, AMD and Intel?",That's not the point though. There's always going to be extreme examples and everything has been said about every stock ever. All im saying is that by every metric nvidia is grossly overvalued.,1
181xhis,"When is a good time to buy NVIDIA stocks, AMD and Intel?","Cost control has been at the forefront of managementâ€™s priorities, so that in conjunction with their growing revenues and continued innovation is definitely helping them out.  

I definitely see them maintaining these margins moving forward as their industrial clients continue rolling into AI, robotics, greater automation, and smart tech overall.  LSCC is, imo, best positioned to capitalize on these longer-term themes.  Definitely check out their latest earnings presentation for more specifics.",1
181xhis,"When is a good time to buy NVIDIA stocks, AMD and Intel?","Not quite. Over the past month, Anderson (CEO) exercised options for 40,000 shares of LSCC at $8.24, then sold immediately at market price, so doesn't indicate anything really.

C-Suite actually had net buys of LSCC on 11/17 of about 7,196 shares, after exercising more options.  

Then on 11/21, Anderson, Douglass (CTO), and Feanny (SVP/GC) collectively sold 8,472 shares.  

So effectively, the CEO sold approx. 0.73% of his LSCC holdings, CTO sold 0.56% of his holdings, and SVP sold 33.86% of her holdings in LSCC, but her position was small to begin with (only 6000 shares before the sale).  

&#x200B;

Insider sells don't really indicate anything since there are so many possible reasons for selling, and these transactions are tiny.  In contrast, there's only one reason to buy stock, and there's been 100k+ shares bought by institutions in the past month, vastly outpacing sales.",1
181xhis,"When is a good time to buy NVIDIA stocks, AMD and Intel?",Me neither. Esp with all those bitcoins,4
181xhis,"When is a good time to buy NVIDIA stocks, AMD and Intel?",Yea I mean they just print money and I saw it under 100 and couldn't believe it. As always I didn't buy enough ![gif](emote|free_emotes_pack|facepalm),1
181xhis,"When is a good time to buy NVIDIA stocks, AMD and Intel?","Nivida chips are needed for more than AI, if it's not the next big thing something else will need the chips",2
181xhis,"When is a good time to buy NVIDIA stocks, AMD and Intel?",AI and dotcom are two completely different things.,1
181xhis,"When is a good time to buy NVIDIA stocks, AMD and Intel?",[deleted],2
181xhis,"When is a good time to buy NVIDIA stocks, AMD and Intel?","That's what nvidia was doing before it's monstrous stock climb. Most of what the price is now made off of is the public trying to gauge what the worth of future AI advancements are for nvidia. If AI hype dies down, you think the share price will keep a +$500 valuation? It might, it might not. Who knows. I dont gamble.

edit: It's $485 right now, not +$500, my bad.",4
181xhis,"When is a good time to buy NVIDIA stocks, AMD and Intel?",Well it doesn't actually matter what the hype is about. It's more so about the psychology of hype and expectation paired with groupthink. It's a phenomenon that's going to keep happening with big future inventions as well.,4
181xhis,"When is a good time to buy NVIDIA stocks, AMD and Intel?","They have an incredible balance sheet.  In October they announced they were going to come in under analyst expectations for Q3 revenue by about $8-30 million. This isnâ€™t even really surprising given the proportion of their income that is B2B and current economic conditions in the US and Asia.  

Iâ€™ve read their last 2 10-Ks, listened to their last few earnings calls, read every press release from the last 2 years and have no clue why their share price has been driven down so much over the last few months, largely because of my thesis on where tech is headed.  

When I ran a comparable analysis on semis, NVDA came in first with the lowest score on current valuation.  LSCC came in second with largely better metrics for Liquidity, Operating Performance, Credit Risk, Growth Potential, Capital Structure, and Current Valuation. 

Iâ€™d be curious if you find any fundamentally catastrophic issues or headwinds facing the firm though, as I havenâ€™t found any unique or beyond what every semi is facing.  Iâ€™d guess youâ€™re right though, everyoneâ€™s attention is on the sexier chip companies for the time being.",1
181xhis,"When is a good time to buy NVIDIA stocks, AMD and Intel?",You don't have to gauge what it's worth when it's smashing guidance every quarter by millions,0
181xhis,"When is a good time to buy NVIDIA stocks, AMD and Intel?",[deleted],1
181xhis,"When is a good time to buy NVIDIA stocks, AMD and Intel?","Canâ€™t recall every factor I use for RV, but thereâ€™s 10 for liquidity, 12 for operating, 8 for risk, 9ish for growth, 10ish for capital structure, and 20 for current valuation.  

And I base my DCF models on unlevered FCF.  I can check the specifics of my models when Iâ€™m back on a terminal tomorrow though. 


I think itâ€™s easier, or more realistic at least, to determine what sectors will do well in the short term, which makes it simpler to narrow down the list of companies Iâ€™m looking at. For instance, Iâ€™m bullish on energy & info tech atm, so Iâ€™ll determine subsectors of each Iâ€™m confident in (semis are one such subsector), then run a relative valuation of companies in that subsector. That RV model ranks the companies based on the weighted aforementioned factors (Liquidity, operating etc).  Then Iâ€™ll do a deep dive on individual companies in the top quartile or so of that refined list and determine 12m price targets.  

So when I do the deep dive on each company I look at everything I can. The starting list is the last few years 10-Ks, proxy statements, everything management has said or published over the last three years, last two earnings calls (minimum), investor and earnings presentations, company specific news, financials for the last 20 years, 10 years, 5 years, 2 years to gauge momentum and historical trends unique to the company and where they trade.  Management is a big point for me too, so Iâ€™ll look into whoâ€™s in the C-Suite, what experience they have, what theyâ€™ve accomplished at their previous company, what theyâ€™ve accomplished at the company Iâ€™m valuing, and general leadership ability.  Thatâ€™s probably more info than you want but itâ€™s a pretty good idea of what I look at and how I move from idea to taking a position.",1
17kx3vb,"AMD beats earnings estimates, misses Q4 guidance",Mi300 not starting sales till December hurts. Wonder if we will see decent volume in Q1 or Q2,16
17kx3vb,"AMD beats earnings estimates, misses Q4 guidance",Dr. Su - always under promises and over delivers.  I will stick behind her.,15
17kx3vb,"AMD beats earnings estimates, misses Q4 guidance","Lots of things can happen over the next couple months.

Supposedly those chips are in production so maybe sales start sooner or sell better.  Or maybe sales get delayed ever further.  

Maybe they'll make weak in-roads against NVIDIA, or maybe the opposite.  

Maybe reviews for them will be glowing, maybe they won't.  

Maybe there's some price battling, maybe not.

Maybe a trade ban hits them sooner instead of later.  

There's really so much not known until they really start delivering these.  

Of course the Sesquihana analyst covering them is lowering PT... but from $145 to $130.  So is it positive that he expects a 35% rally?  Or is it negative that he's cut PT by 10%?  It's all really a toss up.

Realizing that the actual facts and fundamentals and news for AMD haven't changed one iota since it was recently at $130 is interesting.  

Is it at a great buying opportunity, or was the $130 level a delusion?",6
